{"cameraMode":{"drawMode":24,"name":"Light Overlap","section":"Baked Global Illumination"},"sceneLighting":true,"audioPlay":false,"sceneViewState":{"showFog":true,"showMaterialUpdate":false,"showSkybox":true,"showFlares":true,"showImageEffects":true,"showParticleSystems":true},"in2DMode":false,"pivot":{"x":13.293811798095704,"y":13.378679275512696,"z":-35.83750915527344},"rotation":{"x":0.12850132584571839,"y":-0.8596276044845581,"z":0.2648971676826477,"w":0.4178294539451599},"size":7.020370006561279,"orthographic":false}