{"cameraMode":{"drawMode":0,"name":"Shaded","section":"Shading Mode"},"sceneLighting":true,"audioPlay":false,"sceneViewState":{"showFog":false,"showMaterialUpdate":false,"showSkybox":false,"showFlares":false,"showImageEffects":false,"showParticleSystems":false},"in2DMode":false,"pivot":{"x":-5.065258026123047,"y":1.3859925270080567,"z":23.129959106445314},"rotation":{"x":0.24213162064552308,"y":0.0033849466126412155,"z":0.0006620056228712201,"w":0.9704217314720154},"size":5.652162551879883,"orthographic":false}