{"cameraMode":{"drawMode":0,"name":"Shaded","section":"Shading Mode"},"sceneLighting":true,"audioPlay":false,"sceneViewState":{"showFog":true,"showMaterialUpdate":false,"showSkybox":true,"showFlares":true,"showImageEffects":true,"showParticleSystems":true},"in2DMode":false,"pivot":{"x":-8.084811210632325,"y":-2.4605512619018556,"z":-52.23838806152344},"rotation":{"x":-0.11110607534646988,"y":0.8665800094604492,"z":-0.22260592877864839,"w":-0.4327872395515442},"size":43.81436538696289,"orthographic":false}