{"cameraMode":{"drawMode":0,"name":"Shaded","section":"Shading Mode"},"sceneLighting":true,"audioPlay":false,"sceneViewState":{"showFog":true,"showMaterialUpdate":true,"showSkybox":false,"showFlares":true,"showImageEffects":true,"showParticleSystems":true},"in2DMode":false,"pivot":{"x":5.427642822265625,"y":-0.0487518310546875,"z":-9.084993362426758},"rotation":{"x":0.4514574706554413,"y":0.5445802211761475,"z":-0.4524698555469513,"w":0.5432801842689514},"size":111.91487884521485,"orthographic":false}