{"cameraMode":{"drawMode":0,"name":"Shaded","section":"Shading Mode"},"sceneLighting":false,"audioPlay":false,"sceneViewState":{"showFog":false,"showMaterialUpdate":false,"showSkybox":false,"showFlares":false,"showImageEffects":false,"showParticleSystems":false},"in2DMode":false,"pivot":{"x":-9.288073539733887,"y":-14.514729499816895,"z":43.385738372802737},"rotation":{"x":-0.3132117986679077,"y":0.06887838244438172,"z":-0.024500226601958276,"w":-0.9470680356025696},"size":35.81422424316406,"orthographic":false}