{"cameraMode":{"drawMode":0,"name":"Shaded","section":"Shading Mode"},"sceneLighting":true,"audioPlay":false,"sceneViewState":{"showFog":false,"showMaterialUpdate":false,"showSkybox":false,"showFlares":false,"showImageEffects":false,"showParticleSystems":false},"in2DMode":false,"pivot":{"x":-2.7781155109405519,"y":-2.8707337379455568,"z":18.626293182373048},"rotation":{"x":0.454194039106369,"y":-0.1739484667778015,"z":0.09225583076477051,"w":0.8690717220306397},"size":11.451730728149414,"orthographic":false}