{"cameraMode":{"drawMode":0,"name":"Shaded","section":"Shading Mode"},"sceneLighting":false,"audioPlay":false,"sceneViewState":{"showFog":false,"showMaterialUpdate":false,"showSkybox":false,"showFlares":false,"showImageEffects":false,"showParticleSystems":false},"in2DMode":false,"pivot":{"x":1.159999966621399,"y":1.437080979347229,"z":13.740004539489746},"rotation":{"x":0.1716902256011963,"y":0.01513911597430706,"z":-0.0012515756534412504,"w":0.9852118492126465},"size":3.6581878662109377,"orthographic":false}