{"cameraMode":{"drawMode":0,"name":"Shaded","section":"Shading Mode"},"sceneLighting":true,"audioPlay":false,"sceneViewState":{"showFog":false,"showMaterialUpdate":false,"showSkybox":false,"showFlares":false,"showImageEffects":false,"showParticleSystems":false},"in2DMode":false,"pivot":{"x":5.034468650817871,"y":-20.489845275878908,"z":33.7570686340332},"rotation":{"x":0.3112988770008087,"y":-0.005393995437771082,"z":0.003494113916531205,"w":0.9504905939102173},"size":55.22350311279297,"orthographic":false}