{"cameraMode":{"drawMode":0,"name":"Shaded","section":"Shading Mode"},"sceneLighting":true,"audioPlay":false,"sceneViewState":{"showFog":false,"showMaterialUpdate":false,"showSkybox":false,"showFlares":false,"showImageEffects":false,"showParticleSystems":false},"in2DMode":false,"pivot":{"x":39.60954666137695,"y":-1.6265983581542969,"z":28.232566833496095},"rotation":{"x":0.1881295144557953,"y":-0.02499391883611679,"z":0.005866261664777994,"w":0.9819843173027039},"size":120.37005615234375,"orthographic":false}